{"Reward": 0.0, "_timestamp": 1720492837.560253, "_runtime": 21.37878680229187, "_step": 4380, "p value": -0.22609750926494598, "Decoder Output": {"_type": "images/separated", "width": 8, "height": 8, "format": "png", "count": 1, "filenames": ["media/images/Decoder Output_4328_4a0945534329d26ce523.png"], "captions": ["Noisy Image"]}, "detections per timestep": 1.1151315789473684, "_wandb": {"runtime": 21}}