{"Reward": -0.3009118541033435, "_timestamp": 1720492803.3816462, "_runtime": 24.154027223587036, "_step": 4892, "p value": 0.7159990072250366, "Decoder Output": {"_type": "images/separated", "width": 8, "height": 8, "format": "png", "count": 1, "filenames": ["media/images/Decoder Output_4849_4a0945534329d26ce523.png"], "captions": ["Noisy Image"]}, "detections per timestep": 1.0521042084168337, "_wandb": {"runtime": 23}}