{"Reward": 1.0085496123576854, "_timestamp": 1720496125.3527036, "_runtime": 5.808494567871094, "_step": 938, "Decoder Output": {"_type": "images/separated", "width": 8, "height": 8, "format": "png", "count": 1, "filenames": ["media/images/Decoder Output_903_0b3ecbbdd0fbb0922db6.png"], "captions": ["Noisy Image"]}, "p value": 0.19520078599452972, "detections per timestep": 1.8327645051194539, "_wandb": {"runtime": 5}}