{"Decoder Output": {"_type": "images/separated", "width": 8, "height": 8, "format": "png", "count": 1, "filenames": ["media/images/Decoder Output_7709_4a0945534329d26ce523.png"], "captions": ["Noisy Image"]}, "_timestamp": 1720470332.9958298, "_runtime": 70.37382483482361, "_step": 7712, "p value": -87.03929901123047, "detections per timestep": 0.6411042944785276, "_wandb": {"runtime": 70}}