{"p value": -57445.3984375, "_timestamp": 1720467745.7727866, "_runtime": 973.7373917102814, "_step": 64067, "Decoder Output": {"_type": "images/separated", "width": 20, "height": 20, "format": "png", "count": 1, "filenames": ["media/images/Decoder Output_64067_175c6784a8ef65edad8e.png"], "captions": ["Noisy Image"]}, "detections per timestep": 0.9107344632768362, "_wandb": {"runtime": 973}}