{"Reward": 2.5367383512544803, "_timestamp": 1720492758.4028835, "_runtime": 1.596806526184082, "_step": 48, "_wandb": {"runtime": 1}}