{"Reward": 0.8847502108025656, "_timestamp": 1720492098.5500927, "_runtime": 6.508309602737427, "_step": 934, "Decoder Output": {"_type": "images/separated", "width": 8, "height": 8, "format": "png", "count": 1, "filenames": ["media/images/Decoder Output_883_4a0945534329d26ce523.png"], "captions": ["Noisy Image"]}, "p value": 0.45144227147102356, "detections per timestep": 0.8461538461538461, "_wandb": {"runtime": 6}}