{"Reward": 0.5526315789473684, "_timestamp": 1720492912.6070397, "_runtime": 7.039639711380005, "_step": 1222, "Decoder Output": {"_type": "images/separated", "width": 8, "height": 8, "format": "png", "count": 1, "filenames": ["media/images/Decoder Output_1216_4a0945534329d26ce523.png"], "captions": ["Noisy Image"]}, "p value": 0.3573751151561737, "detections per timestep": 1.5573122529644268, "_wandb": {"runtime": 6}}