{"p value": 0.0002142573066521436, "_timestamp": 1720470116.9902003, "_runtime": 2.23942232131958, "_step": 0, "_wandb": {"runtime": 1}}