{"Reward": -2.3333333333333335, "_timestamp": 1720471160.6197054, "_runtime": 72.81317734718323, "_step": 15248, "Decoder Output": {"_type": "images/separated", "width": 8, "height": 8, "format": "png", "count": 1, "filenames": ["media/images/Decoder Output_15235_4a0945534329d26ce523.png"], "captions": ["Noisy Image"]}, "p value": -30.21408462524414, "detections per timestep": 0.46808510638297873, "_wandb": {"runtime": 72}}