{"Reward": 0.934875945134694, "_timestamp": 1720492696.749407, "_runtime": 2.6970601081848145, "_step": 53, "p value": 0.001750065595842898, "_wandb": {"runtime": 2}}