{"Reward": 0.0, "_timestamp": 1720495990.3458478, "_runtime": 4.782738924026489, "_step": 366, "p value": 0.30497056245803833, "Decoder Output": {"_type": "images/separated", "width": 8, "height": 8, "format": "png", "count": 1, "filenames": ["media/images/Decoder Output_270_4a0945534329d26ce523.png"], "captions": ["Noisy Image"]}, "detections per timestep": 0.9381898454746137, "_wandb": {"runtime": 4}}