{"p value": -658.2984619140625, "_timestamp": 1720470251.1238647, "_runtime": 83.25554776191711, "_step": 8805, "Decoder Output": {"_type": "images/separated", "width": 8, "height": 8, "format": "png", "count": 1, "filenames": ["media/images/Decoder Output_8796_4a0945534329d26ce523.png"], "captions": ["Noisy Image"]}, "detections per timestep": 1.1886792452830188, "_wandb": {"runtime": 82}}