{"Reward": -0.0015673981191222652, "_timestamp": 1720496170.40514, "_runtime": 19.43210196495056, "_step": 3311, "Decoder Output": {"_type": "images/separated", "width": 8, "height": 8, "format": "png", "count": 1, "filenames": ["media/images/Decoder Output_3292_5939b3e319a1402d6974.png"], "captions": ["Noisy Image"]}, "p value": 0.30935367941856384, "detections per timestep": 1.9925233644859812, "_wandb": {"runtime": 19}}