{"Reward": 0.0, "_timestamp": 1720496574.4852097, "_runtime": 4.773387670516968, "_step": 488, "p value": 0.19064702093601227, "Decoder Output": {"_type": "images/separated", "width": 8, "height": 8, "format": "png", "count": 1, "filenames": ["media/images/Decoder Output_449_143e48eac2b36261c20d.png"], "captions": ["Noisy Image"]}, "detections per timestep": 1.7077625570776256, "_wandb": {"runtime": 4}}