{"Reward": 1.8454545454545455, "_timestamp": 1720496070.3139682, "_runtime": 3.5554122924804688, "_step": 375, "p value": 0.2810567021369934, "Decoder Output": {"_type": "images/separated", "width": 8, "height": 8, "format": "png", "count": 1, "filenames": ["media/images/Decoder Output_360_4a0945534329d26ce523.png"], "captions": ["Noisy Image"]}, "detections per timestep": 1.4566929133858268, "_wandb": {"runtime": 3}}