{"Reward": 4.666897151651685, "_timestamp": 1720496606.6469133, "_runtime": 6.207236289978027, "_step": 711, "Decoder Output": {"_type": "images/separated", "width": 8, "height": 8, "format": "png", "count": 1, "filenames": ["media/images/Decoder Output_686_f4c61064301e2a28f7c8.png"], "captions": ["Noisy Image"]}, "p value": 0.156984344124794, "detections per timestep": 1.0480349344978166, "_wandb": {"runtime": 5}}