{"Reward": 0, "_timestamp": 1720496308.040564, "_runtime": 125.66808295249939, "_step": 20004, "p value": -80.52796173095703, "Decoder Output": {"_type": "images/separated", "width": 8, "height": 8, "format": "png", "count": 1, "filenames": ["media/images/Decoder Output_20000_e27d2d2d345621783e66.png"], "captions": ["Noisy Image"]}, "detections per timestep": 0.17687074829931973, "_wandb": {"runtime": 133}}