{"Decoder Output": {"_type": "images/separated", "width": 20, "height": 20, "format": "png", "count": 1, "filenames": ["media/images/Decoder Output_45214_175c6784a8ef65edad8e.png"], "captions": ["Noisy Image"]}, "_timestamp": 1720466757.1460674, "_runtime": 477.96167039871216, "_step": 45219, "p value": 7.13464879989624, "detections per timestep": 0.7984189723320159, "_wandb": {"runtime": 477}}