{"Reward": 0.574696271470465, "_timestamp": 1720493069.2075896, "_runtime": 6.088041543960571, "_step": 851, "p value": 0.13486362993717194, "Decoder Output": {"_type": "images/separated", "width": 8, "height": 8, "format": "png", "count": 1, "filenames": ["media/images/Decoder Output_812_4a0945534329d26ce523.png"], "captions": ["Noisy Image"]}, "detections per timestep": 1.886578449905482, "_wandb": {"runtime": 5}}