{"Reward": 0, "_timestamp": 1720470466.8929925, "_runtime": 106.58661341667175, "_step": 19627, "Decoder Output": {"_type": "images/separated", "width": 8, "height": 8, "format": "png", "count": 1, "filenames": ["media/images/Decoder Output_19619_4a0945534329d26ce523.png"], "captions": ["Noisy Image"]}, "p value": -1131.5455322265625, "detections per timestep": 1.280112044817927, "_wandb": {"runtime": 119}}