{"Reward": 0.0, "_timestamp": 1720492737.8852503, "_runtime": 2.327040433883667, "_step": 51, "p value": -0.0028530433773994446, "_wandb": {"runtime": 2}}