{"Reward": 0.0048798798798799226, "_timestamp": 1720493036.6855593, "_runtime": 23.47580623626709, "_step": 4531, "p value": 0.09198469668626785, "Decoder Output": {"_type": "images/separated", "width": 8, "height": 8, "format": "png", "count": 1, "filenames": ["media/images/Decoder Output_4508_4a0945534329d26ce523.png"], "captions": ["Noisy Image"]}, "detections per timestep": 1.7146282973621103, "_wandb": {"runtime": 23}}