{"Reward": -4.266716038933559, "_timestamp": 1720492892.9788446, "_runtime": 23.40670371055603, "_step": 4810, "p value": 0.20886459946632385, "Decoder Output": {"_type": "images/separated", "width": 8, "height": 8, "format": "png", "count": 1, "filenames": ["media/images/Decoder Output_4797_4a0945534329d26ce523.png"], "captions": ["Noisy Image"]}, "detections per timestep": 0.7088235294117647, "_wandb": {"runtime": 23}}