{"Reward": -5.712996031746032, "_timestamp": 1720496545.6796522, "_runtime": 12.313252210617065, "_step": 666, "p value": 0.10573980212211609, "Decoder Output": {"_type": "images/separated", "width": 8, "height": 8, "format": "png", "count": 1, "filenames": ["media/images/Decoder Output_652_12c0f765187c06b9d4b0.png"], "captions": ["Noisy Image"]}, "detections per timestep": 0.941972920696325, "_wandb": {"runtime": 11}}