{"Reward": 0, "_timestamp": 1720471359.0068839, "_runtime": 185.9791717529297, "_step": 19994, "Decoder Output": {"_type": "images/separated", "width": 8, "height": 8, "format": "png", "count": 1, "filenames": ["media/images/Decoder Output_19955_4a0945534329d26ce523.png"], "captions": ["Noisy Image"]}, "p value": -133.10487365722656, "detections per timestep": 1.4962593516209477, "_wandb": {"runtime": 242}}